day	statistic	p.value	parameter	method	WM	C	WMN	p.value.adj
6	36.736123136123155	1.054028169339707e-8	2	Kruskal-Wallis rank sum test	1.466909	3.163116	1.341752	2.108056338679414e-8
30	18.812700658431737	8.22004049746091e-5	2	Kruskal-Wallis rank sum test	2.843252	3.492004	2.897758	8.22004049746091e-5
