effects	Df	SumsOfSqs	MeanSqs	F.Model	R2	Pr(>F)
miseq_run	3	4.700483781467863	1.5668279271559544	6.8871197985539165	0.04584675159052619	9.99000999000999e-4
Residuals	430	97.8255102834895	0.22750118670578956	NA	0.9541532484094738	NA
Total	433	102.52599406495737	NA	NA	1	NA
