effects	Df	SumsOfSqs	MeanSqs	F.Model	R2	Pr(>F)
group	3	21.94803532464314	7.316011774881047	39.041508526387155	0.21407288487968745	1
Residuals	430	80.57795874031423	0.187390601721661	NA	0.7859271151203125	NA
Total	433	102.52599406495737	NA	NA	1	NA
