day	statistic	p.value	parameter	method	WM	C	WMN	p.value.adj
6	38.366639944417756	4.6643377590044695e-9	2	Kruskal-Wallis rank sum test	19.979	83.693	15.442499999999999	9.328675518008939e-9
30	24.336915709854708	5.191655904516427e-6	2	Kruskal-Wallis rank sum test	54.32	89.735	65.2125	5.191655904516427e-6
