effects	Df	SumsOfSqs	MeanSqs	F.Model	R2	Pr(>F)
day	19	33.28969019362658	1.752088957559294	57.919361033749055	0.32469512241486037	0.09090909090909091
group	3	18.126077817411357	6.042025939137119	199.73317007353864	0.17679494827357853	0.09090909090909091
unique_cage_no	26	15.812509432550868	0.6081734397134949	20.10458251787187	0.15422927206667744	0.09090909090909091
day:group	26	16.048491887814535	0.6172496879928667	20.404618939342832	0.15653095621434984	0.09090909090909091
day:unique_cage_no	177	13.743635849554025	0.07764766016697189	2.566823358616198	0.134050256960654	0.09090909090909091
Residuals	182	5.505588883999999	0.03025048837362637	NA	0.053699444069879726	NA
Total	433	102.52599406495737	NA	NA	1	NA
