effects	Df	SumsOfSqs	MeanSqs	F.Model	R2	Pr(>F)
group	3	21.94803532464314	7.316011774881047	42.843953777406654	0.21407288487968745	9.99000999000999e-4
miseq_run	3	4.330765616516775	1.443588538838925	8.453928524823148	0.042240659610409945	9.99000999000999e-4
group:miseq_run	7	4.528206556539711	0.6468866509342445	3.788291028591024	0.044166424308656554	9.99000999000999e-4
Residuals	420	71.71898656725774	0.17075949182680417	NA	0.699520031201246	NA
Total	433	102.52599406495737	NA	NA	1	NA
