effects	Df	SumsOfSqs	MeanSqs	F.Model	R2	Pr(>F)
day	19	33.28969019362658	1.752088957559294	10.476654412077954	0.32469512241486037	9.99000999000999e-4
Residuals	414	69.23630387133079	0.16723744896456713	NA	0.6753048775851396	NA
Total	433	102.52599406495737	NA	NA	1	NA
