day	p.value	method	C	CWM	RM	FRM	CWM-C	RM-C	FRM-C	RM-CWM	FRM-CWM	FRM-RM
1	0.002363565161369261	Kruskal-Wallis rank sum test	54500000	17500000	56800000	186000000	0.035943125324385095	0.8873859348351204	0.019935791683896517	0.07263592533369868	0.019935791683896517	0.019935791683896517
2	0.03267270320664309	Kruskal-Wallis rank sum test	12900000	160000000	37816666.66666665	43050000	0.0652936794743743	0.17387015694366095	0.17387015694366095	0.17387015694366095	0.33324815071430886	0.8200818789054083
4	3.768245159379055e-6	Kruskal-Wallis rank sum test	227500	34800000	10000	67733.33333333333	3.7737059752367884e-5	0.0018948937380832644	0.12131868131868132	7.048655692193382e-4	0.015789473684210527	0.2664198746447551
5	1.0025134992599426e-5	Kruskal-Wallis rank sum test	9733.333333333336	8340000	33900000	11000000	1.3527071050940696e-5	1.3527071050940696e-5	2.1547080370609782e-4	0.08816778423974825	0.49420487978840383	0.34893341952165485
6	1.1048388157203393e-6	Kruskal-Wallis rank sum test	1000	2345000	20855000	36050000	4.8281990366597213e-4	2.1273880174962914e-4	0.0016834876700791935	0.005985930111867144	0.0020060031501679104	0.6164619694031459
8	7.721689783920018e-6	Kruskal-Wallis rank sum test	0	5530000	660000	520000	4.257418766673792e-5	4.257418766673792e-5	3.082678472435041e-4	0.09740725935470666	0.8147774199066066	0.8147774199066066
9	6.2533293039839186e-6	Kruskal-Wallis rank sum test	0	4865000	698833.333333335	91500	3.0806746845463555e-5	3.0806746845463555e-5	9.422327709905179e-4	0.09827709226220507	0.17075180200805254	0.6819650937297996
10	5.625381837946134e-5	Kruskal-Wallis rank sum test	0	4260000	77133.33333333334	7033.33333333335	3.0799972782107884e-4	3.75926183651793e-4	0.005022060233756589	0.03887450183812718	0.12108612662964431	0.8139261697348091
15	2.73463284336887e-5	Kruskal-Wallis rank sum test	0	5600000	0	0	0.0014365891812797725	0.2077807389104424	NA	0.004849189526396065	0.011591614592590112	0.3455570234313006
