effects	Df	SumsOfSqs	MeanSqs	F.Model	R2	Pr(>F)
miseq_run	2	3.8872273931313224	1.9436136965656612	7.085622181458942	0.025664582333091844	0.003996003996003996
Residuals	538	147.575490475421	0.27430388564204644	NA	0.9743354176669081	NA
Total	540	151.46271786855232	NA	NA	1	NA
