effects	Df	SumsOfSqs	MeanSqs	F.Model	R2	Pr(>F)
day	17	63.962247436343574	3.762485143314328	86.21940011088401	0.42229697404382727	0.09090909090909091
group	3	11.358873599358503	3.786291199786168	86.7649288850388	0.07499451851389831	0.09090909090909091
unique_cage_no	20	26.861708465489087	1.3430854232744545	30.777535347392586	0.17734864951255633	0.09090909090909091
day:group	35	14.837453834937747	0.4239272524267928	9.71452431110366	0.09796109592998659	0.09090909090909091
day:unique_cage_no	205	23.096424980006717	0.11266548770734984	2.5817911282889416	0.15248917558742783	0.09090909090909091
Residuals	260	11.346009552416675	0.04363849827852567	NA	0.07490958641230357	NA
Total	540	151.46271786855232	NA	NA	1	NA
