effects	Df	SumsOfSqs	MeanSqs	F.Model	R2	Pr(>F)
group	4	11.710279342725876	2.927569835681469	11.22826512708958	0.07731459931208089	1
Residuals	536	139.75243852582645	0.2607321614287807	NA	0.9226854006879192	NA
Total	540	151.46271786855232	NA	NA	1	NA
